Pt_ID,Pt_name,DOB,SEX,Address,Covid_Vaccine,P_BGR,Insurance
1,John Smith,1980-05-12,Male,123 Main St,Moderna,A+,Blue Cross
2,Jane Doe,1975-08-21,Female,456 Elm St,Pfizer,B-,Aetna
3,Bob Johnson,1995-01-01,Male,789 Oak St,Johnson & Johnson,O-,Cigna
4,Sarah Lee,1988-11-15,Female,101 Maple Ave,AstraZeneca,AB+,UnitedHealthcare
5,Mike Brown,1970-03-24,Male,222 Pine St,Moderna,B-,Humana
6,Alice Green,1963-12-01,Female,333 Oak St,Moderna,A-,Blue Cross
7,David Johnson,1990-07-09,Male,777 Maple Ave,Johnson & Johnson,B-,Cigna
8,Lisa Kim,1985-04-30,Female,555 Pine St,Pfizer,O-,Aetna
9,Mark Davis,1978-09-05,Male,444 Main St,Moderna,AB+,Humana
10,Amy Chen,2000-02-14,Female,666 Elm St,AstraZeneca,A+,UnitedHealthcare
11,James Wilson,1998-05-01,Male,888 Oak St,Moderna,B+,Cigna
12,Samantha Taylor,1987-10-17,Female,222 Main St,Pfizer,A-,Blue Cross
13,Brian Johnson,1976-03-02,Male,555 Elm St,Johnson & Johnson,A+,Aetna
14,Kim Lee,1965-11-20,Female,777 Pine St,AstraZeneca,O-,Humana
15,Michael Hernandez,1992-06-05,Male,999 Maple Ave,Moderna,B+,UnitedHealthcare
16,Julie Martinez,1973-01-30,Female,444 Oak St,Pfizer,B-,Cigna
17,Robert Garcia,1980-12-18,Male,111 Main St,Johnson & Johnson,AB+,Blue Cross
18,Emily Wilson,1995-09-03,Female,888 Elm St,Moderna,O-,Aetna
19,Joshua Lee,1988-04-25,Male,222 Oak St,AstraZeneca,A+,Humana
20,Melissa Brown,1971-11-29,Female,333 Maple Ave,Moderna,B-,UnitedHealthcare
21,Andrew Nguyen,1993-08-12,Male,555 Main St,Moderna,O-,Cigna
22,Mary Smith,1955-05-18,Female,777 Elm St,Pfizer,A+,Blue Cross
23,William Davis,1969-02-22,Male,999 Oak St,Johnson & Johnson,B-,Aetna
24,Michelle Kim,1982-07-07,Female,444 Pine St,Moderna,AB+,Humana
25,Christopher Lee,1977-04-12,Male,111 Elm St,AstraZeneca,A-,UnitedHealthcare
26,Elizabeth Hernandez,1990-11-26,Female,888 Maple Ave,Moderna,B+,Cigna
27,Jonathan Martinez,1984-08-10,Male,555 Oak St,Pfizer,O-,Blue Cross
28,Katherine Garcia,1996-03-15,Female,222 Main
28,Kevin Johnson,1979-06-18,Male,777 Pine St,AstraZeneca,B-,Cigna
29,Emma Rodriguez,1998-09-27,Female,444 Elm St,Pfizer,A+,Blue Cross
30,Justin Lee,1983-02-14,Male,999 Pine St,Moderna,A-,Aetna
31,Avery Wilson,1996-07-23,Female,111 Oak St,Pfizer,B+,UnitedHealthcare
32,Brandon Garcia,1975-12-10,Male,888 Main St,Johnson & Johnson,O-,Humana
33,Natalie Davis,1980-05-01,Female,555 Elm St,AstraZeneca,A+,Cigna
34,Adam Kim,1992-09-12,Male,777 Maple Ave,Moderna,B-,Blue Cross
35,Olivia Martinez,1977-04-17,Female,444 Pine St,Pfizer,AB+,Aetna
36,Isaac Brown,1988-11-06,Male,666 Elm St,Moderna,B-,UnitedHealthcare
37,Chloe Hernandez,1999-02-19,Female,222 Main St,Johnson & Johnson,A-,Humana
38,Thomas Johnson,1982-08-24,Male,777 Oak St,Moderna,O-,Cigna
39,Mia Lee,1965-12-30,Female,555 Pine St,AstraZeneca,A+,Blue Cross
40,Ethan Davis,1971-10-13,Male,999 Elm St,Moderna,B-,Aetna
41,Ashley Wilson,1992-03-28,Female,111 Main St,Pfizer,AB+,Humana
42,Jonathan Kim,1978-09-15,Male,888 Oak St,Johnson & Johnson,A-,UnitedHealthcare
43,Brianna Smith,1985-05-30,Female,444 Maple Ave,Moderna,B+,Cigna
44,Andrew Garcia,1996-11-05,Male,777 Elm St,AstraZeneca,A+,Blue Cross
45,Grace Johnson,1983-06-20,Female,333 Main St,Moderna,O-,Aetna
46,Lucas Lee,1974-01-16,Male,111 Pine St,Pfizer,B-,UnitedHealthcare
47,Avery Davis,1995-08-31,Female,222 Oak St,Johnson & Johnson,AB+,Humana
48,Benjamin Martinez,1980-03-26,Male,666 Main St,AstraZeneca,A-,Cigna
49,Ella Brown,1991-11-09,Female,777 Maple Ave,Moderna,O-,Blue Cross
50,Nicholas Hernandez,1979-12-04,Male,333 Elm St,Pfizer,AB+,Aetna
51,Hailey Kim,1987-07-19,Female,888 Maple Ave,Moderna,B-,Humana
52,Caleb Johnson,1969-04-08,Male,444 Oak St,AstraZeneca,A+,Cigna
53,Victoria Davis,1972-09-18,Female,111 Elm St,Moderna,O-,Blue Cross
54,Anthony Garcia,1999-05-23,Male,777 Main St,Pfizer,B+,Aetna
55,Samantha Wilson,1990-11-15,Female,111 Pine St,Moderna,AB+,UnitedHealthcare
56,David Kim,1977-02-28,Male,222 Main St,Pfizer,A-,Humana
57,Emily Martinez,1998-07-07,Female,333 Oak St,AstraZeneca,O-,Cigna
58,Noah Brown,1972-12-25,Male,444 Pine St,Johnson & Johnson,B+,Blue Cross
59,Sophia Hernandez,1985-06-08,Female,666 Main St,Pfizer,A+,Aetna
60,James Johnson,1992-10-03,Male,777 Elm St,Moderna,AB+,UnitedHealthcare
61,Elizabeth Davis,1980-05-21,Female,888 Oak St,AstraZeneca,B-,Humana
62,William Garcia,1999-02-06,Male,111 Maple Ave,Johnson & Johnson,AB+,Cigna
63,Abigail Smith,1975-10-17,Female,444 Elm St,Moderna,O-,Blue Cross
64,Joseph Lee,1989-12-28,Male,555 Main St,Pfizer,A+,Aetna
65,Madison Wilson,1987-09-05,Female,666 Pine St,Moderna,B-,UnitedHealthcare
66,Aiden Kim,1965-04-12,Male,777 Oak St,AstraZeneca,AB+,Humana
67,Isabella Martinez,1988-08-29,Female,999 Elm St,Moderna,A-,Cigna
68,Christopher Brown,1971-01-25,Male,111 Main St,Johnson & Johnson,O-,Blue Cross
69,Evelyn Hernandez,1996-06-02,Female,222 Elm St,Pfizer,B+,Aetna
70,Andrew Johnson,1983-11-08,Male,333 Pine St,Moderna,AB+,UnitedHealthcare
71,Grace Davis,1994-02-13,Female,444 Main St,AstraZeneca,B-,Humana
72,William Garcia,1979-08-18,Male,555 Oak St,Pfizer,A-,Cigna
73,Avery Lee,1992-03-07,Female,666 Elm St,Moderna,AB+,Blue Cross
74,Liam Wilson,1980-10-30,Male,777 Main St,Johnson & Johnson,A+,Aetna
75,Victoria Kim,1999-07-25,Female,888 Maple Ave,Pfizer,B+,UnitedHealthcare
76,Mason Martinez,1976-05-16,Male,111 Elm St,Moderna,O-,Humana
77,Isabella Brown,1995-12-19,Female,222 Oak St,AstraZeneca,AB+,Cigna
78,Aiden Hernandez,1982-09-22,Male,333 Main St,Moderna,B-,Blue Cross
79,Mia Johnson,1974-06-09,Female,444 Elm St,Pfizer,A+,Aetna
